bin_high,bin_low,left_density,left_label,left_n,left_overflow,left_stat_unc,left_underflow,observable,ratio_stat_unc,right_density,right_label,right_n,right_over_left,right_overflow,right_stat_unc,right_underflow
29.014029900116498,7.520906155002931,0.06,MadGraph/LHE H2,200,0,0.017320508075688773,0,h2_pt,0.3568120160740314,0.05,Pythia H2 pre-decay,200,0.8333333333333334,1,0.0158113883008419,0
50.50715364523007,29.014029900116498,0.12,MadGraph/LHE H2,200,0,0.02449489742783178,0,h2_pt,0.27963786932917895,0.115,Pythia H2 pre-decay,200,0.9583333333333334,1,0.023979157616563596,0
72.00027739034364,50.50715364523007,0.13,MadGraph/LHE H2,200,0,0.025495097567963924,0,h2_pt,0.28533811962742917,0.135,Pythia H2 pre-decay,200,1.0384615384615385,1,0.02598076211353316,0
93.4934011354572,72.00027739034364,0.18,MadGraph/LHE H2,200,0,0.03,0,h2_pt,0.15493704195075475,0.1,Pythia H2 pre-decay,200,0.5555555555555556,1,0.022360679774997897,0
114.98652488057077,93.4934011354572,0.1,MadGraph/LHE H2,200,0,0.022360679774997897,0,h2_pt,0.31622776601683794,0.1,Pythia H2 pre-decay,200,1.0,1,0.022360679774997897,0
136.47964862568435,114.98652488057077,0.11,MadGraph/LHE H2,200,0,0.02345207879911715,0,h2_pt,0.28087017302423856,0.1,Pythia H2 pre-decay,200,0.9090909090909092,1,0.022360679774997897,0
157.9727723707979,136.47964862568435,0.09,MadGraph/LHE H2,200,0,0.021213203435596423,0,h2_pt,0.36099238314107274,0.1,Pythia H2 pre-decay,200,1.1111111111111112,1,0.022360679774997897,0
179.46589611591148,157.9727723707979,0.05,MadGraph/LHE H2,200,0,0.0158113883008419,0,h2_pt,0.5468089245796927,0.065,Pythia H2 pre-decay,200,1.3,1,0.018027756377319945,0
200.95901986102504,179.46589611591148,0.05,MadGraph/LHE H2,200,0,0.0158113883008419,0,h2_pt,0.3794733192202055,0.04,Pythia H2 pre-decay,200,0.7999999999999999,1,0.01414213562373095,0
222.4521436061386,200.95901986102504,0.03,MadGraph/LHE H2,200,0,0.01224744871391589,0,h2_pt,0.6490734136415512,0.035,Pythia H2 pre-decay,200,1.1666666666666667,1,0.013228756555322954,0
243.94526735125217,222.4521436061386,0.04,MadGraph/LHE H2,200,0,0.01414213562373095,0,h2_pt,0.45285552331842,0.035,Pythia H2 pre-decay,200,0.8750000000000001,1,0.013228756555322954,0
265.43839109636576,243.94526735125217,0.01,MadGraph/LHE H2,200,0,0.007071067811865475,0,h2_pt,1.7320508075688774,0.02,Pythia H2 pre-decay,200,2.0,1,0.01,0
286.9315148414793,265.43839109636576,0.0,MadGraph/LHE H2,200,0,0.0,0,h2_pt,nan,0.02,Pythia H2 pre-decay,200,nan,1,0.01,0
308.4246385865929,286.9315148414793,0.0,MadGraph/LHE H2,200,0,0.0,0,h2_pt,nan,0.0,Pythia H2 pre-decay,200,nan,1,0.0,0
329.91776233170646,308.4246385865929,0.01,MadGraph/LHE H2,200,0,0.007071067811865475,0,h2_pt,1.3693063937629153,0.015,Pythia H2 pre-decay,200,1.5,1,0.008660254037844387,0
351.41088607682,329.91776233170646,0.0,MadGraph/LHE H2,200,0,0.0,0,h2_pt,nan,0.03,Pythia H2 pre-decay,200,nan,1,0.01224744871391589,0
372.9040098219336,351.41088607682,0.0,MadGraph/LHE H2,200,0,0.0,0,h2_pt,nan,0.01,Pythia H2 pre-decay,200,nan,1,0.007071067811865475,0
394.39713356704715,372.9040098219336,0.0,MadGraph/LHE H2,200,0,0.0,0,h2_pt,nan,0.015,Pythia H2 pre-decay,200,nan,1,0.008660254037844387,0
415.8902573121607,394.39713356704715,0.01,MadGraph/LHE H2,200,0,0.007071067811865475,0,h2_pt,nan,0.0,Pythia H2 pre-decay,200,0.0,1,0.0,0
437.3833810572743,415.8902573121607,0.0,MadGraph/LHE H2,200,0,0.0,0,h2_pt,nan,0.005,Pythia H2 pre-decay,200,nan,1,0.005,0
458.87650480238784,437.3833810572743,0.0,MadGraph/LHE H2,200,0,0.0,0,h2_pt,nan,0.0,Pythia H2 pre-decay,200,nan,1,0.0,0
480.3696285475014,458.87650480238784,0.0,MadGraph/LHE H2,200,0,0.0,0,h2_pt,nan,0.0,Pythia H2 pre-decay,200,nan,1,0.0,0
501.86275229261497,480.3696285475014,0.0,MadGraph/LHE H2,200,0,0.0,0,h2_pt,nan,0.0,Pythia H2 pre-decay,200,nan,1,0.0,0
523.3558760377285,501.86275229261497,0.0,MadGraph/LHE H2,200,0,0.0,0,h2_pt,nan,0.0,Pythia H2 pre-decay,200,nan,1,0.0,0
544.848999782842,523.3558760377285,0.0,MadGraph/LHE H2,200,0,0.0,0,h2_pt,nan,0.0,Pythia H2 pre-decay,200,nan,1,0.0,0
566.3421235279557,544.848999782842,0.0,MadGraph/LHE H2,200,0,0.0,0,h2_pt,nan,0.0,Pythia H2 pre-decay,200,nan,1,0.0,0
587.8352472730692,566.3421235279557,0.0,MadGraph/LHE H2,200,0,0.0,0,h2_pt,nan,0.0,Pythia H2 pre-decay,200,nan,1,0.0,0
609.3283710181828,587.8352472730692,0.0,MadGraph/LHE H2,200,0,0.0,0,h2_pt,nan,0.0,Pythia H2 pre-decay,200,nan,1,0.0,0
630.8214947632963,609.3283710181828,0.0,MadGraph/LHE H2,200,0,0.0,0,h2_pt,nan,0.0,Pythia H2 pre-decay,200,nan,1,0.0,0
652.3146185084099,630.8214947632963,0.0,MadGraph/LHE H2,200,0,0.0,0,h2_pt,nan,0.0,Pythia H2 pre-decay,200,nan,1,0.0,0
673.8077422535234,652.3146185084099,0.0,MadGraph/LHE H2,200,0,0.0,0,h2_pt,nan,0.0,Pythia H2 pre-decay,200,nan,1,0.0,0
695.300865998637,673.8077422535234,0.0,MadGraph/LHE H2,200,0,0.0,0,h2_pt,nan,0.0,Pythia H2 pre-decay,200,nan,1,0.0,0
716.7939897437507,695.300865998637,0.0,MadGraph/LHE H2,200,0,0.0,0,h2_pt,nan,0.005,Pythia H2 pre-decay,200,nan,1,0.005,0
738.2871134888642,716.7939897437507,0.0,MadGraph/LHE H2,200,0,0.0,0,h2_pt,nan,0.0,Pythia H2 pre-decay,200,nan,1,0.0,0
759.7802372339778,738.2871134888642,0.0,MadGraph/LHE H2,200,0,0.0,0,h2_pt,nan,0.0,Pythia H2 pre-decay,200,nan,1,0.0,0
781.2733609790913,759.7802372339778,0.01,MadGraph/LHE H2,200,0,0.007071067811865475,0,h2_pt,nan,0.0,Pythia H2 pre-decay,200,0.0,1,0.0,0
802.7664847242049,781.2733609790913,0.0,MadGraph/LHE H2,200,0,0.0,0,h2_pt,nan,0.0,Pythia H2 pre-decay,200,nan,1,0.0,0
824.2596084693184,802.7664847242049,0.0,MadGraph/LHE H2,200,0,0.0,0,h2_pt,nan,0.0,Pythia H2 pre-decay,200,nan,1,0.0,0
845.7527322144321,824.2596084693184,0.0,MadGraph/LHE H2,200,0,0.0,0,h2_pt,nan,0.0,Pythia H2 pre-decay,200,nan,1,0.0,0
867.2458559595456,845.7527322144321,0.0,MadGraph/LHE H2,200,0,0.0,0,h2_pt,nan,0.0,Pythia H2 pre-decay,200,nan,1,0.0,0
-4.827226892333595,-5.049245773086821,0.0,MadGraph/LHE H2,200,1,0.0,0,h2_eta,nan,0.005,Pythia H2 pre-decay,200,nan,0,0.005,0
-4.605208011580369,-4.827226892333595,0.0,MadGraph/LHE H2,200,1,0.0,0,h2_eta,nan,0.0,Pythia H2 pre-decay,200,nan,0,0.0,0
-4.383189130827143,-4.605208011580369,0.005,MadGraph/LHE H2,200,1,0.005,0,h2_eta,nan,0.0,Pythia H2 pre-decay,200,0.0,0,0.0,0
-4.161170250073917,-4.383189130827143,0.0,MadGraph/LHE H2,200,1,0.0,0,h2_eta,nan,0.0,Pythia H2 pre-decay,200,nan,0,0.0,0
-3.939151369320691,-4.161170250073917,0.0,MadGraph/LHE H2,200,1,0.0,0,h2_eta,nan,0.0,Pythia H2 pre-decay,200,nan,0,0.0,0
-3.717132488567465,-3.939151369320691,0.0,MadGraph/LHE H2,200,1,0.0,0,h2_eta,nan,0.005,Pythia H2 pre-decay,200,nan,0,0.005,0
-3.495113607814239,-3.717132488567465,0.0,MadGraph/LHE H2,200,1,0.0,0,h2_eta,nan,0.0,Pythia H2 pre-decay,200,nan,0,0.0,0
-3.273094727061013,-3.495113607814239,0.02,MadGraph/LHE H2,200,1,0.01,0,h2_eta,0.43301270189221935,0.01,Pythia H2 pre-decay,200,0.5,0,0.007071067811865475,0
-3.0510758463077874,-3.273094727061013,0.005,MadGraph/LHE H2,200,1,0.005,0,h2_eta,nan,0.0,Pythia H2 pre-decay,200,0.0,0,0.0,0
-2.829056965554561,-3.0510758463077874,0.02,MadGraph/LHE H2,200,1,0.01,0,h2_eta,0.7071067811865476,0.02,Pythia H2 pre-decay,200,1.0,0,0.01,0
-2.607038084801335,-2.829056965554561,0.035,MadGraph/LHE H2,200,1,0.013228756555322954,0,h2_eta,0.4182428884065142,0.025,Pythia H2 pre-decay,200,0.7142857142857143,0,0.011180339887498949,0
-2.385019204048109,-2.607038084801335,0.03,MadGraph/LHE H2,200,1,0.01224744871391589,0,h2_eta,0.7200822998230957,0.04,Pythia H2 pre-decay,200,1.3333333333333335,0,0.01414213562373095,0
-2.163000323294883,-2.385019204048109,0.035,MadGraph/LHE H2,200,1,0.013228756555322954,0,h2_eta,0.5914847651505893,0.04,Pythia H2 pre-decay,200,1.1428571428571428,0,0.01414213562373095,0
-1.940981442541657,-2.163000323294883,0.04,MadGraph/LHE H2,200,1,0.01414213562373095,0,h2_eta,0.45285552331842,0.035,Pythia H2 pre-decay,200,0.8750000000000001,0,0.013228756555322954,0
-1.7189625617884312,-1.940981442541657,0.035,MadGraph/LHE H2,200,1,0.013228756555322954,0,h2_eta,0.47687026308358854,0.03,Pythia H2 pre-decay,200,0.857142857142857,0,0.01224744871391589,0
-1.496943681035205,-1.7189625617884312,0.055,MadGraph/LHE H2,200,1,0.016583123951777,0,h2_eta,0.27682866486684665,0.03,Pythia H2 pre-decay,200,0.5454545454545454,0,0.01224744871391589,0
-1.2749248002819789,-1.496943681035205,0.055,MadGraph/LHE H2,200,1,0.016583123951777,0,h2_eta,0.39721040795695595,0.05,Pythia H2 pre-decay,200,0.9090909090909092,0,0.0158113883008419,0
-1.0529059195287531,-1.2749248002819789,0.03,MadGraph/LHE H2,200,1,0.01224744871391589,0,h2_eta,1.20761472884912,0.075,Pythia H2 pre-decay,200,2.5,0,0.019364916731037084,0
-0.8308870387755274,-1.0529059195287531,0.02,MadGraph/LHE H2,200,1,0.01,0,h2_eta,0.8385254915624212,0.025,Pythia H2 pre-decay,200,1.25,0,0.011180339887498949,0
-0.6088681580223012,-0.8308870387755274,0.05,MadGraph/LHE H2,200,1,0.0158113883008419,0,h2_eta,0.4472135954999579,0.05,Pythia H2 pre-decay,200,1.0,0,0.0158113883008419,0
-0.38684927726907503,-0.6088681580223012,0.065,MadGraph/LHE H2,200,1,0.018027756377319945,0,h2_eta,0.2765283182378207,0.04,Pythia H2 pre-decay,200,0.6153846153846154,0,0.01414213562373095,0
-0.16483039651584885,-0.38684927726907503,0.04,MadGraph/LHE H2,200,1,0.01414213562373095,0,h2_eta,0.30618621784789724,0.02,Pythia H2 pre-decay,200,0.5,0,0.01,0
0.057188484237377324,-0.16483039651584885,0.04,MadGraph/LHE H2,200,1,0.01414213562373095,0,h2_eta,0.5929270612815711,0.05,Pythia H2 pre-decay,200,1.25,0,0.0158113883008419,0
0.2792073649906035,0.057188484237377324,0.015,MadGraph/LHE H2,200,1,0.008660254037844387,0,h2_eta,1.6101529717988268,0.035,Pythia H2 pre-decay,200,2.3333333333333335,0,0.013228756555322954,0
0.5012262457438288,0.2792073649906035,0.035,MadGraph/LHE H2,200,1,0.013228756555322954,0,h2_eta,0.4182428884065142,0.025,Pythia H2 pre-decay,200,0.7142857142857143,0,0.011180339887498949,0
0.723245126497055,0.5012262457438288,0.03,MadGraph/LHE H2,200,1,0.01224744871391589,0,h2_eta,1.0,0.06,Pythia H2 pre-decay,200,2.0,0,0.017320508075688773,0
0.9452640072502811,0.723245126497055,0.05,MadGraph/LHE H2,200,1,0.0158113883008419,0,h2_eta,0.3449637662132068,0.035,Pythia H2 pre-decay,200,0.7000000000000001,0,0.013228756555322954,0
1.1672828880035073,0.9452640072502811,0.06,MadGraph/LHE H2,200,1,0.017320508075688773,0,h2_eta,0.38263825872099755,0.055,Pythia H2 pre-decay,200,0.9166666666666667,0,0.016583123951777,0
1.3893017687567335,1.1672828880035073,0.03,MadGraph/LHE H2,200,1,0.01224744871391589,0,h2_eta,0.7905694150420949,0.045,Pythia H2 pre-decay,200,1.5,0,0.015,0
1.6113206495099588,1.3893017687567335,0.025,MadGraph/LHE H2,200,1,0.011180339887498949,0,h2_eta,0.8197560612767678,0.035,Pythia H2 pre-decay,200,1.4000000000000001,0,0.013228756555322954,0
1.833339530263185,1.6113206495099588,0.02,MadGraph/LHE H2,200,1,0.01,0,h2_eta,0.5728219618694801,0.015,Pythia H2 pre-decay,200,0.75,0,0.008660254037844387,0
2.055358411016411,1.833339530263185,0.045,MadGraph/LHE H2,200,1,0.015,0,h2_eta,0.35136418446315326,0.03,Pythia H2 pre-decay,200,0.6666666666666666,0,0.01224744871391589,0
2.2773772917696373,2.055358411016411,0.015,MadGraph/LHE H2,200,1,0.008660254037844387,0,h2_eta,1.0183501544346314,0.02,Pythia H2 pre-decay,200,1.3333333333333335,0,0.01,0
2.4993961725228635,2.2773772917696373,0.015,MadGraph/LHE H2,200,1,0.008660254037844387,0,h2_eta,1.0183501544346314,0.02,Pythia H2 pre-decay,200,1.3333333333333335,0,0.01,0
2.721415053276089,2.4993961725228635,0.02,MadGraph/LHE H2,200,1,0.01,0,h2_eta,0.9682458365518543,0.03,Pythia H2 pre-decay,200,1.5,0,0.01224744871391589,0
2.943433934029315,2.721415053276089,0.02,MadGraph/LHE H2,200,1,0.01,0,h2_eta,0.43301270189221935,0.01,Pythia H2 pre-decay,200,0.5,0,0.007071067811865475,0
3.165452814782541,2.943433934029315,0.025,MadGraph/LHE H2,200,1,0.011180339887498949,0,h2_eta,0.6324555320336759,0.025,Pythia H2 pre-decay,200,1.0,0,0.011180339887498949,0
3.3874716955357664,3.165452814782541,0.005,MadGraph/LHE H2,200,1,0.005,0,h2_eta,nan,0.0,Pythia H2 pre-decay,200,0.0,0,0.0,0
3.6094905762889935,3.3874716955357664,0.0,MadGraph/LHE H2,200,1,0.0,0,h2_eta,nan,0.01,Pythia H2 pre-decay,200,nan,0,0.007071067811865475,0
3.831509457042219,3.6094905762889935,0.005,MadGraph/LHE H2,200,1,0.005,0,h2_eta,nan,0.0,Pythia H2 pre-decay,200,0.0,0,0.0,0
-2.9814426802760896,-3.1379524269083774,0.01,MadGraph/LHE H2,200,0,0.007071067811865475,0,h2_phi,2.449489742783178,0.03,Pythia H2 pre-decay,200,3.0,1,0.01224744871391589,0
-2.8249329336438023,-2.9814426802760896,0.03,MadGraph/LHE H2,200,0,0.01224744871391589,0,h2_phi,0.3535533905932738,0.015,Pythia H2 pre-decay,200,0.5,1,0.008660254037844387,0
-2.6684231870115145,-2.8249329336438023,0.025,MadGraph/LHE H2,200,0,0.011180339887498949,0,h2_phi,0.6324555320336759,0.025,Pythia H2 pre-decay,200,1.0,1,0.011180339887498949,0
-2.511913440379227,-2.6684231870115145,0.035,MadGraph/LHE H2,200,0,0.013228756555322954,0,h2_phi,0.8153054838954357,0.06,Pythia H2 pre-decay,200,1.714285714285714,1,0.017320508075688773,0
-2.3554036937469394,-2.511913440379227,0.04,MadGraph/LHE H2,200,0,0.01414213562373095,0,h2_phi,0.35630482034348065,0.025,Pythia H2 pre-decay,200,0.625,1,0.011180339887498949,0
-2.1988939471146516,-2.3554036937469394,0.035,MadGraph/LHE H2,200,0,0.013228756555322954,0,h2_phi,0.4182428884065142,0.025,Pythia H2 pre-decay,200,0.7142857142857143,1,0.011180339887498949,0
-2.0423842004823642,-2.1988939471146516,0.02,MadGraph/LHE H2,200,0,0.01,0,h2_phi,0.2795084971874737,0.005,Pythia H2 pre-decay,200,0.25,1,0.005,0
-1.8858744538500767,-2.0423842004823642,0.015,MadGraph/LHE H2,200,0,0.008660254037844387,0,h2_phi,0.8164965809277261,0.015,Pythia H2 pre-decay,200,1.0,1,0.008660254037844387,0
-1.7293647072177891,-1.8858744538500767,0.025,MadGraph/LHE H2,200,0,0.011180339887498949,0,h2_phi,0.3346640106136302,0.01,Pythia H2 pre-decay,200,0.39999999999999997,1,0.007071067811865475,0
-1.5728549605855016,-1.7293647072177891,0.03,MadGraph/LHE H2,200,0,0.01224744871391589,0,h2_phi,0.6490734136415512,0.035,Pythia H2 pre-decay,200,1.1666666666666667,1,0.013228756555322954,0
-1.416345213953214,-1.5728549605855016,0.01,MadGraph/LHE H2,200,0,0.007071067811865475,0,h2_phi,2.8062430400804566,0.035,Pythia H2 pre-decay,200,3.5000000000000004,1,0.013228756555322954,0
-1.2598354673209262,-1.416345213953214,0.03,MadGraph/LHE H2,200,0,0.01224744871391589,0,h2_phi,0.18002057495577392,0.005,Pythia H2 pre-decay,200,0.16666666666666669,1,0.005,0
-1.1033257206886389,-1.2598354673209262,0.025,MadGraph/LHE H2,200,0,0.011180339887498949,0,h2_phi,0.8197560612767678,0.035,Pythia H2 pre-decay,200,1.4000000000000001,1,0.013228756555322954,0
-0.9468159740563511,-1.1033257206886389,0.04,MadGraph/LHE H2,200,0,0.01414213562373095,0,h2_phi,0.2538762001448738,0.015,Pythia H2 pre-decay,200,0.375,1,0.008660254037844387,0
-0.7903062274240638,-0.9468159740563511,0.015,MadGraph/LHE H2,200,0,0.008660254037844387,0,h2_phi,2.0,0.045,Pythia H2 pre-decay,200,3.0,1,0.015,0
-0.633796480791776,-0.7903062274240638,0.01,MadGraph/LHE H2,200,0,0.007071067811865475,0,h2_phi,1.3693063937629153,0.015,Pythia H2 pre-decay,200,1.5,1,0.008660254037844387,0
-0.4772867341594882,-0.633796480791776,0.02,MadGraph/LHE H2,200,0,0.01,0,h2_phi,0.7071067811865476,0.02,Pythia H2 pre-decay,200,1.0,1,0.01,0
-0.32077698752720085,-0.4772867341594882,0.03,MadGraph/LHE H2,200,0,0.01224744871391589,0,h2_phi,0.7200822998230957,0.04,Pythia H2 pre-decay,200,1.3333333333333335,1,0.01414213562373095,0
-0.16426724089491307,-0.32077698752720085,0.03,MadGraph/LHE H2,200,0,0.01224744871391589,0,h2_phi,0.5046083923495819,0.025,Pythia H2 pre-decay,200,0.8333333333333334,1,0.011180339887498949,0
-0.00775749426262573,-0.16426724089491307,0.025,MadGraph/LHE H2,200,0,0.011180339887498949,0,h2_phi,0.5366563145999494,0.02,Pythia H2 pre-decay,200,0.7999999999999999,1,0.01,0
0.14875225236966205,-0.00775749426262573,0.01,MadGraph/LHE H2,200,0,0.007071067811865475,0,h2_phi,2.091650066335189,0.025,Pythia H2 pre-decay,200,2.5,1,0.011180339887498949,0
0.3052619990019494,0.14875225236966205,0.025,MadGraph/LHE H2,200,0,0.011180339887498949,0,h2_phi,0.6324555320336759,0.025,Pythia H2 pre-decay,200,1.0,1,0.011180339887498949,0
0.4617717456342372,0.3052619990019494,0.03,MadGraph/LHE H2,200,0,0.01224744871391589,0,h2_phi,0.27216552697590873,0.01,Pythia H2 pre-decay,200,0.33333333333333337,1,0.007071067811865475,0
0.618281492266525,0.4617717456342372,0.03,MadGraph/LHE H2,200,0,0.01224744871391589,0,h2_phi,0.43033148291193524,0.02,Pythia H2 pre-decay,200,0.6666666666666667,1,0.01,0
0.7747912388988123,0.618281492266525,0.04,MadGraph/LHE H2,200,0,0.01414213562373095,0,h2_phi,0.4050462936504913,0.03,Pythia H2 pre-decay,200,0.75,1,0.01224744871391589,0
0.9313009855310996,0.7747912388988123,0.04,MadGraph/LHE H2,200,0,0.01414213562373095,0,h2_phi,0.2538762001448738,0.015,Pythia H2 pre-decay,200,0.375,1,0.008660254037844387,0
1.0878107321633879,0.9313009855310996,0.02,MadGraph/LHE H2,200,0,0.01,0,h2_phi,0.9682458365518543,0.03,Pythia H2 pre-decay,200,1.5,1,0.01224744871391589,0
1.2443204787956752,1.0878107321633879,0.015,MadGraph/LHE H2,200,0,0.008660254037844387,0,h2_phi,1.2171612389003692,0.025,Pythia H2 pre-decay,200,1.6666666666666667,1,0.011180339887498949,0
1.4008302254279625,1.2443204787956752,0.025,MadGraph/LHE H2,200,0,0.011180339887498949,0,h2_phi,0.5366563145999494,0.02,Pythia H2 pre-decay,200,0.7999999999999999,1,0.01,0
1.5573399720602499,1.4008302254279625,0.03,MadGraph/LHE H2,200,0,0.01224744871391589,0,h2_phi,0.3535533905932738,0.015,Pythia H2 pre-decay,200,0.5,1,0.008660254037844387,0
1.713849718692538,1.5573399720602499,0.01,MadGraph/LHE H2,200,0,0.007071067811865475,0,h2_phi,1.7320508075688774,0.02,Pythia H2 pre-decay,200,2.0,1,0.01,0
1.8703594653248254,1.713849718692538,0.015,MadGraph/LHE H2,200,0,0.008660254037844387,0,h2_phi,1.4142135623730951,0.03,Pythia H2 pre-decay,200,2.0,1,0.01224744871391589,0
2.026869211957113,1.8703594653248254,0.04,MadGraph/LHE H2,200,0,0.01414213562373095,0,h2_phi,0.4050462936504913,0.03,Pythia H2 pre-decay,200,0.75,1,0.01224744871391589,0
2.183378958589401,2.026869211957113,0.03,MadGraph/LHE H2,200,0,0.01224744871391589,0,h2_phi,0.5773502691896257,0.03,Pythia H2 pre-decay,200,1.0,1,0.01224744871391589,0
2.3398887052216883,2.183378958589401,0.02,MadGraph/LHE H2,200,0,0.01,0,h2_phi,1.0968705484240153,0.035,Pythia H2 pre-decay,200,1.7500000000000002,1,0.013228756555322954,0
2.4963984518539757,2.3398887052216883,0.015,MadGraph/LHE H2,200,0,0.008660254037844387,0,h2_phi,1.2171612389003692,0.025,Pythia H2 pre-decay,200,1.6666666666666667,1,0.011180339887498949,0
2.652908198486263,2.4963984518539757,0.02,MadGraph/LHE H2,200,0,0.01,0,h2_phi,0.5728219618694801,0.015,Pythia H2 pre-decay,200,0.75,1,0.008660254037844387,0
2.8094179451185513,2.652908198486263,0.025,MadGraph/LHE H2,200,0,0.011180339887498949,0,h2_phi,0.6324555320336759,0.025,Pythia H2 pre-decay,200,1.0,1,0.011180339887498949,0
2.9659276917508386,2.8094179451185513,0.03,MadGraph/LHE H2,200,0,0.01224744871391589,0,h2_phi,0.5773502691896257,0.03,Pythia H2 pre-decay,200,1.0,1,0.01224744871391589,0
3.122437438383126,2.9659276917508386,0.03,MadGraph/LHE H2,200,0,0.01224744871391589,0,h2_phi,0.7200822998230957,0.04,Pythia H2 pre-decay,200,1.3333333333333335,1,0.01414213562373095,0
199.99999966147954,199.9999996477028,0.005,MadGraph/LHE H2,200,1,0.005,0,h2_mass,nan,0.0,Pythia H2 pre-decay,200,0.0,0,0.0,0
199.99999967525628,199.99999966147954,0.0,MadGraph/LHE H2,200,1,0.0,0,h2_mass,nan,0.0,Pythia H2 pre-decay,200,nan,0,0.0,0
199.99999968903302,199.99999967525628,0.0,MadGraph/LHE H2,200,1,0.0,0,h2_mass,nan,0.0,Pythia H2 pre-decay,200,nan,0,0.0,0
199.99999970280976,199.99999968903302,0.0,MadGraph/LHE H2,200,1,0.0,0,h2_mass,nan,0.0,Pythia H2 pre-decay,200,nan,0,0.0,0
199.9999997165865,199.99999970280976,0.0,MadGraph/LHE H2,200,1,0.0,0,h2_mass,nan,0.0,Pythia H2 pre-decay,200,nan,0,0.0,0
199.99999973036324,199.9999997165865,0.0,MadGraph/LHE H2,200,1,0.0,0,h2_mass,nan,0.0,Pythia H2 pre-decay,200,nan,0,0.0,0
199.99999974413998,199.99999973036324,0.0,MadGraph/LHE H2,200,1,0.0,0,h2_mass,nan,0.0,Pythia H2 pre-decay,200,nan,0,0.0,0
199.99999975791673,199.99999974413998,0.0,MadGraph/LHE H2,200,1,0.0,0,h2_mass,nan,0.0,Pythia H2 pre-decay,200,nan,0,0.0,0
199.99999977169347,199.99999975791673,0.0,MadGraph/LHE H2,200,1,0.0,0,h2_mass,nan,0.0,Pythia H2 pre-decay,200,nan,0,0.0,0
199.9999997854702,199.99999977169347,0.0,MadGraph/LHE H2,200,1,0.0,0,h2_mass,nan,0.0,Pythia H2 pre-decay,200,nan,0,0.0,0
199.99999979924695,199.9999997854702,0.0,MadGraph/LHE H2,200,1,0.0,0,h2_mass,nan,0.0,Pythia H2 pre-decay,200,nan,0,0.0,0
199.9999998130237,199.99999979924695,0.0,MadGraph/LHE H2,200,1,0.0,0,h2_mass,nan,0.0,Pythia H2 pre-decay,200,nan,0,0.0,0
199.99999982680043,199.9999998130237,0.0,MadGraph/LHE H2,200,1,0.0,0,h2_mass,nan,0.0,Pythia H2 pre-decay,200,nan,0,0.0,0
199.99999984057717,199.99999982680043,0.0,MadGraph/LHE H2,200,1,0.0,0,h2_mass,nan,0.0,Pythia H2 pre-decay,200,nan,0,0.0,0
199.99999985435392,199.99999984057717,0.0,MadGraph/LHE H2,200,1,0.0,0,h2_mass,nan,0.0,Pythia H2 pre-decay,200,nan,0,0.0,0
199.99999986813066,199.99999985435392,0.005,MadGraph/LHE H2,200,1,0.005,0,h2_mass,nan,0.0,Pythia H2 pre-decay,200,0.0,0,0.0,0
199.9999998819074,199.99999986813066,0.0,MadGraph/LHE H2,200,1,0.0,0,h2_mass,nan,0.0,Pythia H2 pre-decay,200,nan,0,0.0,0
199.99999989568414,199.9999998819074,0.0,MadGraph/LHE H2,200,1,0.0,0,h2_mass,nan,0.0,Pythia H2 pre-decay,200,nan,0,0.0,0
199.99999990946088,199.99999989568414,0.0,MadGraph/LHE H2,200,1,0.0,0,h2_mass,nan,0.0,Pythia H2 pre-decay,200,nan,0,0.0,0
199.99999992323762,199.99999990946088,0.005,MadGraph/LHE H2,200,1,0.005,0,h2_mass,nan,0.0,Pythia H2 pre-decay,200,0.0,0,0.0,0
199.99999993701437,199.99999992323762,0.0,MadGraph/LHE H2,200,1,0.0,0,h2_mass,nan,0.0,Pythia H2 pre-decay,200,nan,0,0.0,0
199.9999999507911,199.99999993701437,0.0,MadGraph/LHE H2,200,1,0.0,0,h2_mass,nan,0.0,Pythia H2 pre-decay,200,nan,0,0.0,0
199.99999996456785,199.9999999507911,0.0,MadGraph/LHE H2,200,1,0.0,0,h2_mass,nan,0.0,Pythia H2 pre-decay,200,nan,0,0.0,0
199.9999999783446,199.99999996456785,0.005,MadGraph/LHE H2,200,1,0.005,0,h2_mass,nan,0.0,Pythia H2 pre-decay,200,0.0,0,0.0,0
199.99999999212133,199.9999999783446,0.09,MadGraph/LHE H2,200,1,0.021213203435596423,0,h2_mass,nan,0.0,Pythia H2 pre-decay,200,0.0,0,0.0,0
200.00000000589807,199.99999999212133,0.725,MadGraph/LHE H2,200,1,0.06020797289396148,0,h2_mass,0.15044319290306504,1.0,Pythia H2 pre-decay,200,1.3793103448275863,0,0.07071067811865475,0
200.00000001967481,200.00000000589807,0.125,MadGraph/LHE H2,200,1,0.025,0,h2_mass,nan,0.0,Pythia H2 pre-decay,200,0.0,0,0.0,0
200.00000003345156,200.00000001967481,0.01,MadGraph/LHE H2,200,1,0.007071067811865475,0,h2_mass,nan,0.0,Pythia H2 pre-decay,200,0.0,0,0.0,0
200.0000000472283,200.00000003345156,0.005,MadGraph/LHE H2,200,1,0.005,0,h2_mass,nan,0.0,Pythia H2 pre-decay,200,0.0,0,0.0,0
200.00000006100504,200.0000000472283,0.01,MadGraph/LHE H2,200,1,0.007071067811865475,0,h2_mass,nan,0.0,Pythia H2 pre-decay,200,0.0,0,0.0,0
200.00000007478178,200.00000006100504,0.0,MadGraph/LHE H2,200,1,0.0,0,h2_mass,nan,0.0,Pythia H2 pre-decay,200,nan,0,0.0,0
200.00000008855852,200.00000007478178,0.0,MadGraph/LHE H2,200,1,0.0,0,h2_mass,nan,0.0,Pythia H2 pre-decay,200,nan,0,0.0,0
200.00000010233526,200.00000008855852,0.0,MadGraph/LHE H2,200,1,0.0,0,h2_mass,nan,0.0,Pythia H2 pre-decay,200,nan,0,0.0,0
200.000000116112,200.00000010233526,0.0,MadGraph/LHE H2,200,1,0.0,0,h2_mass,nan,0.0,Pythia H2 pre-decay,200,nan,0,0.0,0
200.00000012988875,200.000000116112,0.005,MadGraph/LHE H2,200,1,0.005,0,h2_mass,nan,0.0,Pythia H2 pre-decay,200,0.0,0,0.0,0
200.0000001436655,200.00000012988875,0.0,MadGraph/LHE H2,200,1,0.0,0,h2_mass,nan,0.0,Pythia H2 pre-decay,200,nan,0,0.0,0
200.00000015744223,200.0000001436655,0.005,MadGraph/LHE H2,200,1,0.005,0,h2_mass,nan,0.0,Pythia H2 pre-decay,200,0.0,0,0.0,0
200.00000017121897,200.00000015744223,0.0,MadGraph/LHE H2,200,1,0.0,0,h2_mass,nan,0.0,Pythia H2 pre-decay,200,nan,0,0.0,0
200.0000001849957,200.00000017121897,0.0,MadGraph/LHE H2,200,1,0.0,0,h2_mass,nan,0.0,Pythia H2 pre-decay,200,nan,0,0.0,0
200.00000019877245,200.0000001849957,0.0,MadGraph/LHE H2,200,1,0.0,0,h2_mass,nan,0.0,Pythia H2 pre-decay,200,nan,0,0.0,0
13.827849037101624,0.0,1.0,MadGraph/LHE H2,100,0,0.1,0,h2h2_pt,0.027367864366808017,0.07,Pythia H2 pre-decay,100,0.07,1,0.026457513110645908,0
27.655698074203247,13.827849037101624,0.0,MadGraph/LHE H2,100,0,0.0,0,h2h2_pt,nan,0.14,Pythia H2 pre-decay,100,nan,1,0.03741657386773942,0
41.48354711130487,27.655698074203247,0.0,MadGraph/LHE H2,100,0,0.0,0,h2h2_pt,nan,0.16,Pythia H2 pre-decay,100,nan,1,0.04,0
55.311396148406494,41.48354711130487,0.0,MadGraph/LHE H2,100,0,0.0,0,h2h2_pt,nan,0.08,Pythia H2 pre-decay,100,nan,1,0.0282842712474619,0
69.13924518550812,55.311396148406494,0.0,MadGraph/LHE H2,100,0,0.0,0,h2h2_pt,nan,0.05,Pythia H2 pre-decay,100,nan,1,0.022360679774997897,0
82.96709422260975,69.13924518550812,0.0,MadGraph/LHE H2,100,0,0.0,0,h2h2_pt,nan,0.06,Pythia H2 pre-decay,100,nan,1,0.02449489742783178,0
96.79494325971136,82.96709422260975,0.0,MadGraph/LHE H2,100,0,0.0,0,h2h2_pt,nan,0.03,Pythia H2 pre-decay,100,nan,1,0.017320508075688773,0
110.62279229681299,96.79494325971136,0.0,MadGraph/LHE H2,100,0,0.0,0,h2h2_pt,nan,0.03,Pythia H2 pre-decay,100,nan,1,0.017320508075688773,0
124.45064133391462,110.62279229681299,0.0,MadGraph/LHE H2,100,0,0.0,0,h2h2_pt,nan,0.04,Pythia H2 pre-decay,100,nan,1,0.02,0
138.27849037101623,124.45064133391462,0.0,MadGraph/LHE H2,100,0,0.0,0,h2h2_pt,nan,0.03,Pythia H2 pre-decay,100,nan,1,0.017320508075688773,0
152.10633940811786,138.27849037101623,0.0,MadGraph/LHE H2,100,0,0.0,0,h2h2_pt,nan,0.01,Pythia H2 pre-decay,100,nan,1,0.01,0
165.9341884452195,152.10633940811786,0.0,MadGraph/LHE H2,100,0,0.0,0,h2h2_pt,nan,0.04,Pythia H2 pre-decay,100,nan,1,0.02,0
179.76203748232112,165.9341884452195,0.0,MadGraph/LHE H2,100,0,0.0,0,h2h2_pt,nan,0.03,Pythia H2 pre-decay,100,nan,1,0.017320508075688773,0
193.58988651942272,179.76203748232112,0.0,MadGraph/LHE H2,100,0,0.0,0,h2h2_pt,nan,0.01,Pythia H2 pre-decay,100,nan,1,0.01,0
207.41773555652435,193.58988651942272,0.0,MadGraph/LHE H2,100,0,0.0,0,h2h2_pt,nan,0.02,Pythia H2 pre-decay,100,nan,1,0.01414213562373095,0
221.24558459362598,207.41773555652435,0.0,MadGraph/LHE H2,100,0,0.0,0,h2h2_pt,nan,0.0,Pythia H2 pre-decay,100,nan,1,0.0,0
235.0734336307276,221.24558459362598,0.0,MadGraph/LHE H2,100,0,0.0,0,h2h2_pt,nan,0.01,Pythia H2 pre-decay,100,nan,1,0.01,0
248.90128266782924,235.0734336307276,0.0,MadGraph/LHE H2,100,0,0.0,0,h2h2_pt,nan,0.01,Pythia H2 pre-decay,100,nan,1,0.01,0
262.72913170493086,248.90128266782924,0.0,MadGraph/LHE H2,100,0,0.0,0,h2h2_pt,nan,0.01,Pythia H2 pre-decay,100,nan,1,0.01,0
276.55698074203247,262.72913170493086,0.0,MadGraph/LHE H2,100,0,0.0,0,h2h2_pt,nan,0.05,Pythia H2 pre-decay,100,nan,1,0.022360679774997897,0
290.3848297791341,276.55698074203247,0.0,MadGraph/LHE H2,100,0,0.0,0,h2h2_pt,nan,0.01,Pythia H2 pre-decay,100,nan,1,0.01,0
304.2126788162357,290.3848297791341,0.0,MadGraph/LHE H2,100,0,0.0,0,h2h2_pt,nan,0.0,Pythia H2 pre-decay,100,nan,1,0.0,0
318.0405278533373,304.2126788162357,0.0,MadGraph/LHE H2,100,0,0.0,0,h2h2_pt,nan,0.0,Pythia H2 pre-decay,100,nan,1,0.0,0
331.868376890439,318.0405278533373,0.0,MadGraph/LHE H2,100,0,0.0,0,h2h2_pt,nan,0.0,Pythia H2 pre-decay,100,nan,1,0.0,0
345.6962259275406,331.868376890439,0.0,MadGraph/LHE H2,100,0,0.0,0,h2h2_pt,nan,0.0,Pythia H2 pre-decay,100,nan,1,0.0,0
359.52407496464224,345.6962259275406,0.0,MadGraph/LHE H2,100,0,0.0,0,h2h2_pt,nan,0.01,Pythia H2 pre-decay,100,nan,1,0.01,0
373.35192400174384,359.52407496464224,0.0,MadGraph/LHE H2,100,0,0.0,0,h2h2_pt,nan,0.03,Pythia H2 pre-decay,100,nan,1,0.017320508075688773,0
387.17977303884544,373.35192400174384,0.0,MadGraph/LHE H2,100,0,0.0,0,h2h2_pt,nan,0.0,Pythia H2 pre-decay,100,nan,1,0.0,0
401.0076220759471,387.17977303884544,0.0,MadGraph/LHE H2,100,0,0.0,0,h2h2_pt,nan,0.01,Pythia H2 pre-decay,100,nan,1,0.01,0
414.8354711130487,401.0076220759471,0.0,MadGraph/LHE H2,100,0,0.0,0,h2h2_pt,nan,0.01,Pythia H2 pre-decay,100,nan,1,0.01,0
428.66332015015035,414.8354711130487,0.0,MadGraph/LHE H2,100,0,0.0,0,h2h2_pt,nan,0.0,Pythia H2 pre-decay,100,nan,1,0.0,0
442.49116918725196,428.66332015015035,0.0,MadGraph/LHE H2,100,0,0.0,0,h2h2_pt,nan,0.0,Pythia H2 pre-decay,100,nan,1,0.0,0
456.31901822435356,442.49116918725196,0.0,MadGraph/LHE H2,100,0,0.0,0,h2h2_pt,nan,0.02,Pythia H2 pre-decay,100,nan,1,0.01414213562373095,0
470.1468672614552,456.31901822435356,0.0,MadGraph/LHE H2,100,0,0.0,0,h2h2_pt,nan,0.01,Pythia H2 pre-decay,100,nan,1,0.01,0
483.9747162985568,470.1468672614552,0.0,MadGraph/LHE H2,100,0,0.0,0,h2h2_pt,nan,0.0,Pythia H2 pre-decay,100,nan,1,0.0,0
497.80256533565847,483.9747162985568,0.0,MadGraph/LHE H2,100,0,0.0,0,h2h2_pt,nan,0.0,Pythia H2 pre-decay,100,nan,1,0.0,0
511.6304143727601,497.80256533565847,0.0,MadGraph/LHE H2,100,0,0.0,0,h2h2_pt,nan,0.0,Pythia H2 pre-decay,100,nan,1,0.0,0
525.4582634098617,511.6304143727601,0.0,MadGraph/LHE H2,100,0,0.0,0,h2h2_pt,nan,0.0,Pythia H2 pre-decay,100,nan,1,0.0,0
539.2861124469633,525.4582634098617,0.0,MadGraph/LHE H2,100,0,0.0,0,h2h2_pt,nan,0.01,Pythia H2 pre-decay,100,nan,1,0.01,0
553.1139614840649,539.2861124469633,0.0,MadGraph/LHE H2,100,0,0.0,0,h2h2_pt,nan,0.0,Pythia H2 pre-decay,100,nan,1,0.0,0
434.5699755990065,402.65921616520444,0.22,MadGraph/LHE H2,100,1,0.0469041575982343,0,h2h2_mass,0.30151134457776363,0.22,Pythia H2 pre-decay,100,1.0,0,0.0469041575982343,0
466.4807350328086,434.5699755990065,0.2,MadGraph/LHE H2,100,1,0.044721359549995794,0,h2h2_mass,0.31622776601683794,0.2,Pythia H2 pre-decay,100,1.0,0,0.044721359549995794,0
498.39149446661065,466.4807350328086,0.16,MadGraph/LHE H2,100,1,0.04,0,h2h2_mass,0.3535533905932738,0.16,Pythia H2 pre-decay,100,1.0,0,0.04,0
530.3022539004127,498.39149446661065,0.13,MadGraph/LHE H2,100,1,0.03605551275463989,0,h2h2_mass,0.392232270276368,0.13,Pythia H2 pre-decay,100,1.0,0,0.03605551275463989,0
562.2130133342148,530.3022539004127,0.08,MadGraph/LHE H2,100,1,0.0282842712474619,0,h2h2_mass,0.5,0.08,Pythia H2 pre-decay,100,1.0,0,0.0282842712474619,0
594.1237727680168,562.2130133342148,0.07,MadGraph/LHE H2,100,1,0.026457513110645908,0,h2h2_mass,0.5345224838248487,0.07,Pythia H2 pre-decay,100,1.0,0,0.026457513110645908,0
626.0345322018188,594.1237727680168,0.02,MadGraph/LHE H2,100,1,0.01414213562373095,0,h2h2_mass,1.0,0.02,Pythia H2 pre-decay,100,1.0,0,0.01414213562373095,0
657.945291635621,626.0345322018188,0.05,MadGraph/LHE H2,100,1,0.022360679774997897,0,h2h2_mass,0.6324555320336759,0.05,Pythia H2 pre-decay,100,1.0,0,0.022360679774997897,0
689.8560510694231,657.945291635621,0.02,MadGraph/LHE H2,100,1,0.01414213562373095,0,h2h2_mass,1.0,0.02,Pythia H2 pre-decay,100,1.0,0,0.01414213562373095,0
721.7668105032251,689.8560510694231,0.0,MadGraph/LHE H2,100,1,0.0,0,h2h2_mass,nan,0.0,Pythia H2 pre-decay,100,nan,0,0.0,0
753.6775699370271,721.7668105032251,0.01,MadGraph/LHE H2,100,1,0.01,0,h2h2_mass,1.4142135623730951,0.01,Pythia H2 pre-decay,100,1.0,0,0.01,0
785.5883293708291,753.6775699370271,0.01,MadGraph/LHE H2,100,1,0.01,0,h2h2_mass,1.4142135623730951,0.01,Pythia H2 pre-decay,100,1.0,0,0.01,0
817.4990888046312,785.5883293708291,0.0,MadGraph/LHE H2,100,1,0.0,0,h2h2_mass,nan,0.0,Pythia H2 pre-decay,100,nan,0,0.0,0
849.4098482384334,817.4990888046312,0.0,MadGraph/LHE H2,100,1,0.0,0,h2h2_mass,nan,0.0,Pythia H2 pre-decay,100,nan,0,0.0,0
881.3206076722354,849.4098482384334,0.0,MadGraph/LHE H2,100,1,0.0,0,h2h2_mass,nan,0.0,Pythia H2 pre-decay,100,nan,0,0.0,0
913.2313671060374,881.3206076722354,0.01,MadGraph/LHE H2,100,1,0.01,0,h2h2_mass,1.4142135623730951,0.01,Pythia H2 pre-decay,100,1.0,0,0.01,0
945.1421265398394,913.2313671060374,0.0,MadGraph/LHE H2,100,1,0.0,0,h2h2_mass,nan,0.0,Pythia H2 pre-decay,100,nan,0,0.0,0
977.0528859736417,945.1421265398394,0.0,MadGraph/LHE H2,100,1,0.0,0,h2h2_mass,nan,0.0,Pythia H2 pre-decay,100,nan,0,0.0,0
1008.9636454074437,977.0528859736417,0.0,MadGraph/LHE H2,100,1,0.0,0,h2h2_mass,nan,0.0,Pythia H2 pre-decay,100,nan,0,0.0,0
1040.8744048412457,1008.9636454074437,0.0,MadGraph/LHE H2,100,1,0.0,0,h2h2_mass,nan,0.0,Pythia H2 pre-decay,100,nan,0,0.0,0
1072.7851642750477,1040.8744048412457,0.0,MadGraph/LHE H2,100,1,0.0,0,h2h2_mass,nan,0.0,Pythia H2 pre-decay,100,nan,0,0.0,0
1104.69592370885,1072.7851642750477,0.01,MadGraph/LHE H2,100,1,0.01,0,h2h2_mass,1.4142135623730951,0.01,Pythia H2 pre-decay,100,1.0,0,0.01,0
1136.606683142652,1104.69592370885,0.0,MadGraph/LHE H2,100,1,0.0,0,h2h2_mass,nan,0.0,Pythia H2 pre-decay,100,nan,0,0.0,0
1168.517442576454,1136.606683142652,0.0,MadGraph/LHE H2,100,1,0.0,0,h2h2_mass,nan,0.0,Pythia H2 pre-decay,100,nan,0,0.0,0
1200.428202010256,1168.517442576454,0.0,MadGraph/LHE H2,100,1,0.0,0,h2h2_mass,nan,0.0,Pythia H2 pre-decay,100,nan,0,0.0,0
1232.338961444058,1200.428202010256,0.0,MadGraph/LHE H2,100,1,0.0,0,h2h2_mass,nan,0.0,Pythia H2 pre-decay,100,nan,0,0.0,0
1264.2497208778602,1232.338961444058,0.0,MadGraph/LHE H2,100,1,0.0,0,h2h2_mass,nan,0.0,Pythia H2 pre-decay,100,nan,0,0.0,0
1296.1604803116622,1264.2497208778602,0.0,MadGraph/LHE H2,100,1,0.0,0,h2h2_mass,nan,0.0,Pythia H2 pre-decay,100,nan,0,0.0,0
1328.0712397454643,1296.1604803116622,0.0,MadGraph/LHE H2,100,1,0.0,0,h2h2_mass,nan,0.0,Pythia H2 pre-decay,100,nan,0,0.0,0
1359.9819991792663,1328.0712397454643,0.0,MadGraph/LHE H2,100,1,0.0,0,h2h2_mass,nan,0.0,Pythia H2 pre-decay,100,nan,0,0.0,0
1391.8927586130685,1359.9819991792663,0.0,MadGraph/LHE H2,100,1,0.0,0,h2h2_mass,nan,0.0,Pythia H2 pre-decay,100,nan,0,0.0,0
1423.8035180468705,1391.8927586130685,0.0,MadGraph/LHE H2,100,1,0.0,0,h2h2_mass,nan,0.0,Pythia H2 pre-decay,100,nan,0,0.0,0
1455.7142774806725,1423.8035180468705,0.0,MadGraph/LHE H2,100,1,0.0,0,h2h2_mass,nan,0.0,Pythia H2 pre-decay,100,nan,0,0.0,0
1487.6250369144745,1455.7142774806725,0.0,MadGraph/LHE H2,100,1,0.0,0,h2h2_mass,nan,0.0,Pythia H2 pre-decay,100,nan,0,0.0,0
1519.5357963482768,1487.6250369144745,0.0,MadGraph/LHE H2,100,1,0.0,0,h2h2_mass,nan,0.0,Pythia H2 pre-decay,100,nan,0,0.0,0
1551.4465557820788,1519.5357963482768,0.0,MadGraph/LHE H2,100,1,0.0,0,h2h2_mass,nan,0.0,Pythia H2 pre-decay,100,nan,0,0.0,0
1583.3573152158808,1551.4465557820788,0.0,MadGraph/LHE H2,100,1,0.0,0,h2h2_mass,nan,0.0,Pythia H2 pre-decay,100,nan,0,0.0,0
1615.2680746496828,1583.3573152158808,0.0,MadGraph/LHE H2,100,1,0.0,0,h2h2_mass,nan,0.0,Pythia H2 pre-decay,100,nan,0,0.0,0
1647.178834083485,1615.2680746496828,0.0,MadGraph/LHE H2,100,1,0.0,0,h2h2_mass,nan,0.0,Pythia H2 pre-decay,100,nan,0,0.0,0
1679.089593517287,1647.178834083485,0.0,MadGraph/LHE H2,100,1,0.0,0,h2h2_mass,nan,0.01,Pythia H2 pre-decay,100,nan,0,0.01,0
0.08514977850422728,0.006779448373828156,0.0,MadGraph/LHE H2,100,84,0.0,0,deltaPhi_h2h2,nan,0.01,Pythia H2 pre-decay,100,nan,0,0.01,0
0.1635201086346264,0.08514977850422728,0.0,MadGraph/LHE H2,100,84,0.0,0,deltaPhi_h2h2,nan,0.01,Pythia H2 pre-decay,100,nan,0,0.01,0
0.24189043876502553,0.1635201086346264,0.0,MadGraph/LHE H2,100,84,0.0,0,deltaPhi_h2h2,nan,0.03,Pythia H2 pre-decay,100,nan,0,0.017320508075688773,0
0.32026076889542465,0.24189043876502553,0.0,MadGraph/LHE H2,100,84,0.0,0,deltaPhi_h2h2,nan,0.03,Pythia H2 pre-decay,100,nan,0,0.017320508075688773,0
0.3986310990258238,0.32026076889542465,0.0,MadGraph/LHE H2,100,84,0.0,0,deltaPhi_h2h2,nan,0.01,Pythia H2 pre-decay,100,nan,0,0.01,0
0.4770014291562229,0.3986310990258238,0.0,MadGraph/LHE H2,100,84,0.0,0,deltaPhi_h2h2,nan,0.01,Pythia H2 pre-decay,100,nan,0,0.01,0
0.5553717592866221,0.4770014291562229,0.0,MadGraph/LHE H2,100,84,0.0,0,deltaPhi_h2h2,nan,0.01,Pythia H2 pre-decay,100,nan,0,0.01,0
0.6337420894170211,0.5553717592866221,0.0,MadGraph/LHE H2,100,84,0.0,0,deltaPhi_h2h2,nan,0.01,Pythia H2 pre-decay,100,nan,0,0.01,0
0.7121124195474202,0.6337420894170211,0.0,MadGraph/LHE H2,100,84,0.0,0,deltaPhi_h2h2,nan,0.01,Pythia H2 pre-decay,100,nan,0,0.01,0
0.7904827496778194,0.7121124195474202,0.0,MadGraph/LHE H2,100,84,0.0,0,deltaPhi_h2h2,nan,0.01,Pythia H2 pre-decay,100,nan,0,0.01,0
0.8688530798082186,0.7904827496778194,0.0,MadGraph/LHE H2,100,84,0.0,0,deltaPhi_h2h2,nan,0.0,Pythia H2 pre-decay,100,nan,0,0.0,0
0.9472234099386176,0.8688530798082186,0.0,MadGraph/LHE H2,100,84,0.0,0,deltaPhi_h2h2,nan,0.02,Pythia H2 pre-decay,100,nan,0,0.01414213562373095,0
1.0255937400690167,0.9472234099386176,0.0,MadGraph/LHE H2,100,84,0.0,0,deltaPhi_h2h2,nan,0.02,Pythia H2 pre-decay,100,nan,0,0.01414213562373095,0
1.103964070199416,1.0255937400690167,0.0,MadGraph/LHE H2,100,84,0.0,0,deltaPhi_h2h2,nan,0.0,Pythia H2 pre-decay,100,nan,0,0.0,0
1.182334400329815,1.103964070199416,0.0,MadGraph/LHE H2,100,84,0.0,0,deltaPhi_h2h2,nan,0.01,Pythia H2 pre-decay,100,nan,0,0.01,0
1.2607047304602141,1.182334400329815,0.0,MadGraph/LHE H2,100,84,0.0,0,deltaPhi_h2h2,nan,0.01,Pythia H2 pre-decay,100,nan,0,0.01,0
1.3390750605906132,1.2607047304602141,0.0,MadGraph/LHE H2,100,84,0.0,0,deltaPhi_h2h2,nan,0.02,Pythia H2 pre-decay,100,nan,0,0.01414213562373095,0
1.4174453907210123,1.3390750605906132,0.0,MadGraph/LHE H2,100,84,0.0,0,deltaPhi_h2h2,nan,0.02,Pythia H2 pre-decay,100,nan,0,0.01414213562373095,0
1.4958157208514116,1.4174453907210123,0.0,MadGraph/LHE H2,100,84,0.0,0,deltaPhi_h2h2,nan,0.02,Pythia H2 pre-decay,100,nan,0,0.01414213562373095,0
1.5741860509818106,1.4958157208514116,0.0,MadGraph/LHE H2,100,84,0.0,0,deltaPhi_h2h2,nan,0.01,Pythia H2 pre-decay,100,nan,0,0.01,0
1.6525563811122097,1.5741860509818106,0.0,MadGraph/LHE H2,100,84,0.0,0,deltaPhi_h2h2,nan,0.0,Pythia H2 pre-decay,100,nan,0,0.0,0
1.730926711242609,1.6525563811122097,0.0,MadGraph/LHE H2,100,84,0.0,0,deltaPhi_h2h2,nan,0.01,Pythia H2 pre-decay,100,nan,0,0.01,0
1.809297041373008,1.730926711242609,0.0,MadGraph/LHE H2,100,84,0.0,0,deltaPhi_h2h2,nan,0.0,Pythia H2 pre-decay,100,nan,0,0.0,0
1.8876673715034071,1.809297041373008,0.0,MadGraph/LHE H2,100,84,0.0,0,deltaPhi_h2h2,nan,0.01,Pythia H2 pre-decay,100,nan,0,0.01,0
1.9660377016338062,1.8876673715034071,0.0,MadGraph/LHE H2,100,84,0.0,0,deltaPhi_h2h2,nan,0.02,Pythia H2 pre-decay,100,nan,0,0.01414213562373095,0
2.0444080317642053,1.9660377016338062,0.0,MadGraph/LHE H2,100,84,0.0,0,deltaPhi_h2h2,nan,0.01,Pythia H2 pre-decay,100,nan,0,0.01,0
2.1227783618946043,2.0444080317642053,0.0,MadGraph/LHE H2,100,84,0.0,0,deltaPhi_h2h2,nan,0.01,Pythia H2 pre-decay,100,nan,0,0.01,0
2.201148692025004,2.1227783618946043,0.0,MadGraph/LHE H2,100,84,0.0,0,deltaPhi_h2h2,nan,0.01,Pythia H2 pre-decay,100,nan,0,0.01,0
2.279519022155403,2.201148692025004,0.0,MadGraph/LHE H2,100,84,0.0,0,deltaPhi_h2h2,nan,0.0,Pythia H2 pre-decay,100,nan,0,0.0,0
2.357889352285802,2.279519022155403,0.0,MadGraph/LHE H2,100,84,0.0,0,deltaPhi_h2h2,nan,0.04,Pythia H2 pre-decay,100,nan,0,0.02,0
2.436259682416201,2.357889352285802,0.0,MadGraph/LHE H2,100,84,0.0,0,deltaPhi_h2h2,nan,0.02,Pythia H2 pre-decay,100,nan,0,0.01414213562373095,0
2.5146300125466,2.436259682416201,0.0,MadGraph/LHE H2,100,84,0.0,0,deltaPhi_h2h2,nan,0.02,Pythia H2 pre-decay,100,nan,0,0.01414213562373095,0
2.593000342676999,2.5146300125466,0.0,MadGraph/LHE H2,100,84,0.0,0,deltaPhi_h2h2,nan,0.06,Pythia H2 pre-decay,100,nan,0,0.02449489742783178,0
2.6713706728073983,2.593000342676999,0.0,MadGraph/LHE H2,100,84,0.0,0,deltaPhi_h2h2,nan,0.04,Pythia H2 pre-decay,100,nan,0,0.02,0
2.7497410029377973,2.6713706728073983,0.0,MadGraph/LHE H2,100,84,0.0,0,deltaPhi_h2h2,nan,0.06,Pythia H2 pre-decay,100,nan,0,0.02449489742783178,0
2.8281113330681964,2.7497410029377973,0.0,MadGraph/LHE H2,100,84,0.0,0,deltaPhi_h2h2,nan,0.05,Pythia H2 pre-decay,100,nan,0,0.022360679774997897,0
2.906481663198596,2.8281113330681964,0.0,MadGraph/LHE H2,100,84,0.0,0,deltaPhi_h2h2,nan,0.04,Pythia H2 pre-decay,100,nan,0,0.02,0
2.984851993328995,2.906481663198596,0.0,MadGraph/LHE H2,100,84,0.0,0,deltaPhi_h2h2,nan,0.07,Pythia H2 pre-decay,100,nan,0,0.026457513110645908,0
3.063222323459394,2.984851993328995,0.0,MadGraph/LHE H2,100,84,0.0,0,deltaPhi_h2h2,nan,0.1,Pythia H2 pre-decay,100,nan,0,0.0316227766016838,0
3.141592653589793,3.063222323459394,0.16,MadGraph/LHE H2,100,84,0.04,0,deltaPhi_h2h2,0.3535533905932738,0.16,Pythia H2 pre-decay,100,1.0,0,0.04,0
0.179708919035094,0.08962695702695204,0.0,MadGraph/LHE H2,100,1,0.0,0,deltaR_h2h2,nan,0.01,Pythia H2 pre-decay,100,nan,0,0.01,0
0.26979088104323595,0.179708919035094,0.0,MadGraph/LHE H2,100,1,0.0,0,deltaR_h2h2,nan,0.0,Pythia H2 pre-decay,100,nan,0,0.0,0
0.35987284305137796,0.26979088104323595,0.0,MadGraph/LHE H2,100,1,0.0,0,deltaR_h2h2,nan,0.0,Pythia H2 pre-decay,100,nan,0,0.0,0
0.4499548050595199,0.35987284305137796,0.0,MadGraph/LHE H2,100,1,0.0,0,deltaR_h2h2,nan,0.01,Pythia H2 pre-decay,100,nan,0,0.01,0
0.5400367670676618,0.4499548050595199,0.0,MadGraph/LHE H2,100,1,0.0,0,deltaR_h2h2,nan,0.01,Pythia H2 pre-decay,100,nan,0,0.01,0
0.6301187290758038,0.5400367670676618,0.0,MadGraph/LHE H2,100,1,0.0,0,deltaR_h2h2,nan,0.02,Pythia H2 pre-decay,100,nan,0,0.01414213562373095,0
0.7202006910839457,0.6301187290758038,0.0,MadGraph/LHE H2,100,1,0.0,0,deltaR_h2h2,nan,0.02,Pythia H2 pre-decay,100,nan,0,0.01414213562373095,0
0.8102826530920877,0.7202006910839457,0.0,MadGraph/LHE H2,100,1,0.0,0,deltaR_h2h2,nan,0.01,Pythia H2 pre-decay,100,nan,0,0.01,0
0.9003646151002297,0.8102826530920877,0.0,MadGraph/LHE H2,100,1,0.0,0,deltaR_h2h2,nan,0.0,Pythia H2 pre-decay,100,nan,0,0.0,0
0.9904465771083716,0.9003646151002297,0.0,MadGraph/LHE H2,100,1,0.0,0,deltaR_h2h2,nan,0.03,Pythia H2 pre-decay,100,nan,0,0.017320508075688773,0
1.0805285391165136,0.9904465771083716,0.0,MadGraph/LHE H2,100,1,0.0,0,deltaR_h2h2,nan,0.0,Pythia H2 pre-decay,100,nan,0,0.0,0
1.1706105011246557,1.0805285391165136,0.0,MadGraph/LHE H2,100,1,0.0,0,deltaR_h2h2,nan,0.01,Pythia H2 pre-decay,100,nan,0,0.01,0
1.2606924631327976,1.1706105011246557,0.0,MadGraph/LHE H2,100,1,0.0,0,deltaR_h2h2,nan,0.01,Pythia H2 pre-decay,100,nan,0,0.01,0
1.3507744251409395,1.2606924631327976,0.0,MadGraph/LHE H2,100,1,0.0,0,deltaR_h2h2,nan,0.04,Pythia H2 pre-decay,100,nan,0,0.02,0
1.4408563871490816,1.3507744251409395,0.0,MadGraph/LHE H2,100,1,0.0,0,deltaR_h2h2,nan,0.04,Pythia H2 pre-decay,100,nan,0,0.02,0
1.5309383491572235,1.4408563871490816,0.0,MadGraph/LHE H2,100,1,0.0,0,deltaR_h2h2,nan,0.02,Pythia H2 pre-decay,100,nan,0,0.01414213562373095,0
1.6210203111653654,1.5309383491572235,0.0,MadGraph/LHE H2,100,1,0.0,0,deltaR_h2h2,nan,0.01,Pythia H2 pre-decay,100,nan,0,0.01,0
1.7111022731735075,1.6210203111653654,0.0,MadGraph/LHE H2,100,1,0.0,0,deltaR_h2h2,nan,0.01,Pythia H2 pre-decay,100,nan,0,0.01,0
1.8011842351816494,1.7111022731735075,0.0,MadGraph/LHE H2,100,1,0.0,0,deltaR_h2h2,nan,0.02,Pythia H2 pre-decay,100,nan,0,0.01414213562373095,0
1.8912661971897913,1.8011842351816494,0.0,MadGraph/LHE H2,100,1,0.0,0,deltaR_h2h2,nan,0.0,Pythia H2 pre-decay,100,nan,0,0.0,0
1.9813481591979334,1.8912661971897913,0.0,MadGraph/LHE H2,100,1,0.0,0,deltaR_h2h2,nan,0.01,Pythia H2 pre-decay,100,nan,0,0.01,0
2.0714301212060753,1.9813481591979334,0.0,MadGraph/LHE H2,100,1,0.0,0,deltaR_h2h2,nan,0.02,Pythia H2 pre-decay,100,nan,0,0.01414213562373095,0
2.161512083214217,2.0714301212060753,0.0,MadGraph/LHE H2,100,1,0.0,0,deltaR_h2h2,nan,0.03,Pythia H2 pre-decay,100,nan,0,0.017320508075688773,0
2.251594045222359,2.161512083214217,0.0,MadGraph/LHE H2,100,1,0.0,0,deltaR_h2h2,nan,0.0,Pythia H2 pre-decay,100,nan,0,0.0,0
2.3416760072305007,2.251594045222359,0.0,MadGraph/LHE H2,100,1,0.0,0,deltaR_h2h2,nan,0.01,Pythia H2 pre-decay,100,nan,0,0.01,0
2.431757969238643,2.3416760072305007,0.0,MadGraph/LHE H2,100,1,0.0,0,deltaR_h2h2,nan,0.05,Pythia H2 pre-decay,100,nan,0,0.022360679774997897,0
2.521839931246785,2.431757969238643,0.0,MadGraph/LHE H2,100,1,0.0,0,deltaR_h2h2,nan,0.01,Pythia H2 pre-decay,100,nan,0,0.01,0
2.6119218932549266,2.521839931246785,0.0,MadGraph/LHE H2,100,1,0.0,0,deltaR_h2h2,nan,0.02,Pythia H2 pre-decay,100,nan,0,0.01414213562373095,0
2.7020038552630687,2.6119218932549266,0.0,MadGraph/LHE H2,100,1,0.0,0,deltaR_h2h2,nan,0.06,Pythia H2 pre-decay,100,nan,0,0.02449489742783178,0
2.792085817271211,2.7020038552630687,0.0,MadGraph/LHE H2,100,1,0.0,0,deltaR_h2h2,nan,0.06,Pythia H2 pre-decay,100,nan,0,0.02449489742783178,0
2.8821677792793525,2.792085817271211,0.0,MadGraph/LHE H2,100,1,0.0,0,deltaR_h2h2,nan,0.06,Pythia H2 pre-decay,100,nan,0,0.02449489742783178,0
2.9722497412874946,2.8821677792793525,0.0,MadGraph/LHE H2,100,1,0.0,0,deltaR_h2h2,nan,0.06,Pythia H2 pre-decay,100,nan,0,0.02449489742783178,0
3.0623317032956368,2.9722497412874946,0.0,MadGraph/LHE H2,100,1,0.0,0,deltaR_h2h2,nan,0.06,Pythia H2 pre-decay,100,nan,0,0.02449489742783178,0
3.1524136653037784,3.0623317032956368,0.25,MadGraph/LHE H2,100,1,0.05,0,deltaR_h2h2,0.20489997559785117,0.16,Pythia H2 pre-decay,100,0.64,0,0.04,0
3.2424956273119205,3.1524136653037784,0.42,MadGraph/LHE H2,100,1,0.06480740698407861,0,deltaR_h2h2,0.07347778569623425,0.08,Pythia H2 pre-decay,100,0.1904761904761905,0,0.0282842712474619,0
3.3325775893200626,3.2424956273119205,0.18,MadGraph/LHE H2,100,1,0.04242640687119285,0,deltaR_h2h2,0.08281733249999224,0.02,Pythia H2 pre-decay,100,0.11111111111111112,0,0.01414213562373095,0
3.4226595513282043,3.3325775893200626,0.09,MadGraph/LHE H2,100,1,0.03,0,deltaR_h2h2,0.1737191022156826,0.02,Pythia H2 pre-decay,100,0.22222222222222224,0,0.01414213562373095,0
3.5127415133363464,3.4226595513282043,0.03,MadGraph/LHE H2,100,1,0.017320508075688773,0,deltaR_h2h2,nan,0.0,Pythia H2 pre-decay,100,0.0,0,0.0,0
3.6028234753444885,3.5127415133363464,0.01,MadGraph/LHE H2,100,1,0.01,0,deltaR_h2h2,nan,0.0,Pythia H2 pre-decay,100,0.0,0,0.0,0
3.69290543735263,3.6028234753444885,0.01,MadGraph/LHE H2,100,1,0.01,0,deltaR_h2h2,nan,0.0,Pythia H2 pre-decay,100,0.0,0,0.0,0
434.5699755990068,402.6592161652047,0.22,MadGraph/LHE H2H2,100,1,0.0469041575982343,0,h2h2_mass_vs_4gamma,0.30151134457776363,0.22,Pythia direct gamma-gamma H2 daughters,100,1.0,0,0.0469041575982343,0
466.48073503280887,434.5699755990068,0.2,MadGraph/LHE H2H2,100,1,0.044721359549995794,0,h2h2_mass_vs_4gamma,0.31622776601683794,0.2,Pythia direct gamma-gamma H2 daughters,100,1.0,0,0.044721359549995794,0
498.3914944666109,466.48073503280887,0.16,MadGraph/LHE H2H2,100,1,0.04,0,h2h2_mass_vs_4gamma,0.3535533905932738,0.16,Pythia direct gamma-gamma H2 daughters,100,1.0,0,0.04,0
530.302253900413,498.3914944666109,0.13,MadGraph/LHE H2H2,100,1,0.03605551275463989,0,h2h2_mass_vs_4gamma,0.392232270276368,0.13,Pythia direct gamma-gamma H2 daughters,100,1.0,0,0.03605551275463989,0
562.213013334215,530.302253900413,0.08,MadGraph/LHE H2H2,100,1,0.0282842712474619,0,h2h2_mass_vs_4gamma,0.5,0.08,Pythia direct gamma-gamma H2 daughters,100,1.0,0,0.0282842712474619,0
594.123772768017,562.213013334215,0.07,MadGraph/LHE H2H2,100,1,0.026457513110645908,0,h2h2_mass_vs_4gamma,0.5345224838248487,0.07,Pythia direct gamma-gamma H2 daughters,100,1.0,0,0.026457513110645908,0
626.0345322018192,594.123772768017,0.02,MadGraph/LHE H2H2,100,1,0.01414213562373095,0,h2h2_mass_vs_4gamma,1.0,0.02,Pythia direct gamma-gamma H2 daughters,100,1.0,0,0.01414213562373095,0
657.9452916356212,626.0345322018192,0.05,MadGraph/LHE H2H2,100,1,0.022360679774997897,0,h2h2_mass_vs_4gamma,0.6324555320336759,0.05,Pythia direct gamma-gamma H2 daughters,100,1.0,0,0.022360679774997897,0
689.8560510694233,657.9452916356212,0.02,MadGraph/LHE H2H2,100,1,0.01414213562373095,0,h2h2_mass_vs_4gamma,1.0,0.02,Pythia direct gamma-gamma H2 daughters,100,1.0,0,0.01414213562373095,0
721.7668105032253,689.8560510694233,0.0,MadGraph/LHE H2H2,100,1,0.0,0,h2h2_mass_vs_4gamma,nan,0.0,Pythia direct gamma-gamma H2 daughters,100,nan,0,0.0,0
753.6775699370273,721.7668105032253,0.01,MadGraph/LHE H2H2,100,1,0.01,0,h2h2_mass_vs_4gamma,1.4142135623730951,0.01,Pythia direct gamma-gamma H2 daughters,100,1.0,0,0.01,0
785.5883293708295,753.6775699370273,0.01,MadGraph/LHE H2H2,100,1,0.01,0,h2h2_mass_vs_4gamma,1.4142135623730951,0.01,Pythia direct gamma-gamma H2 daughters,100,1.0,0,0.01,0
817.4990888046316,785.5883293708295,0.0,MadGraph/LHE H2H2,100,1,0.0,0,h2h2_mass_vs_4gamma,nan,0.0,Pythia direct gamma-gamma H2 daughters,100,nan,0,0.0,0
849.4098482384336,817.4990888046316,0.0,MadGraph/LHE H2H2,100,1,0.0,0,h2h2_mass_vs_4gamma,nan,0.0,Pythia direct gamma-gamma H2 daughters,100,nan,0,0.0,0
881.3206076722356,849.4098482384336,0.0,MadGraph/LHE H2H2,100,1,0.0,0,h2h2_mass_vs_4gamma,nan,0.0,Pythia direct gamma-gamma H2 daughters,100,nan,0,0.0,0
913.2313671060376,881.3206076722356,0.01,MadGraph/LHE H2H2,100,1,0.01,0,h2h2_mass_vs_4gamma,1.4142135623730951,0.01,Pythia direct gamma-gamma H2 daughters,100,1.0,0,0.01,0
945.1421265398398,913.2313671060376,0.0,MadGraph/LHE H2H2,100,1,0.0,0,h2h2_mass_vs_4gamma,nan,0.0,Pythia direct gamma-gamma H2 daughters,100,nan,0,0.0,0
977.0528859736418,945.1421265398398,0.0,MadGraph/LHE H2H2,100,1,0.0,0,h2h2_mass_vs_4gamma,nan,0.0,Pythia direct gamma-gamma H2 daughters,100,nan,0,0.0,0
1008.9636454074439,977.0528859736418,0.0,MadGraph/LHE H2H2,100,1,0.0,0,h2h2_mass_vs_4gamma,nan,0.0,Pythia direct gamma-gamma H2 daughters,100,nan,0,0.0,0
1040.874404841246,1008.9636454074439,0.0,MadGraph/LHE H2H2,100,1,0.0,0,h2h2_mass_vs_4gamma,nan,0.0,Pythia direct gamma-gamma H2 daughters,100,nan,0,0.0,0
1072.785164275048,1040.874404841246,0.0,MadGraph/LHE H2H2,100,1,0.0,0,h2h2_mass_vs_4gamma,nan,0.0,Pythia direct gamma-gamma H2 daughters,100,nan,0,0.0,0
1104.69592370885,1072.785164275048,0.01,MadGraph/LHE H2H2,100,1,0.01,0,h2h2_mass_vs_4gamma,1.4142135623730951,0.01,Pythia direct gamma-gamma H2 daughters,100,1.0,0,0.01,0
1136.606683142652,1104.69592370885,0.0,MadGraph/LHE H2H2,100,1,0.0,0,h2h2_mass_vs_4gamma,nan,0.0,Pythia direct gamma-gamma H2 daughters,100,nan,0,0.0,0
1168.5174425764542,1136.606683142652,0.0,MadGraph/LHE H2H2,100,1,0.0,0,h2h2_mass_vs_4gamma,nan,0.0,Pythia direct gamma-gamma H2 daughters,100,nan,0,0.0,0
1200.4282020102562,1168.5174425764542,0.0,MadGraph/LHE H2H2,100,1,0.0,0,h2h2_mass_vs_4gamma,nan,0.0,Pythia direct gamma-gamma H2 daughters,100,nan,0,0.0,0
1232.3389614440584,1200.4282020102562,0.0,MadGraph/LHE H2H2,100,1,0.0,0,h2h2_mass_vs_4gamma,nan,0.0,Pythia direct gamma-gamma H2 daughters,100,nan,0,0.0,0
1264.2497208778605,1232.3389614440584,0.0,MadGraph/LHE H2H2,100,1,0.0,0,h2h2_mass_vs_4gamma,nan,0.0,Pythia direct gamma-gamma H2 daughters,100,nan,0,0.0,0
1296.1604803116625,1264.2497208778605,0.0,MadGraph/LHE H2H2,100,1,0.0,0,h2h2_mass_vs_4gamma,nan,0.0,Pythia direct gamma-gamma H2 daughters,100,nan,0,0.0,0
1328.0712397454645,1296.1604803116625,0.0,MadGraph/LHE H2H2,100,1,0.0,0,h2h2_mass_vs_4gamma,nan,0.0,Pythia direct gamma-gamma H2 daughters,100,nan,0,0.0,0
1359.9819991792665,1328.0712397454645,0.0,MadGraph/LHE H2H2,100,1,0.0,0,h2h2_mass_vs_4gamma,nan,0.0,Pythia direct gamma-gamma H2 daughters,100,nan,0,0.0,0
1391.8927586130685,1359.9819991792665,0.0,MadGraph/LHE H2H2,100,1,0.0,0,h2h2_mass_vs_4gamma,nan,0.0,Pythia direct gamma-gamma H2 daughters,100,nan,0,0.0,0
1423.8035180468705,1391.8927586130685,0.0,MadGraph/LHE H2H2,100,1,0.0,0,h2h2_mass_vs_4gamma,nan,0.0,Pythia direct gamma-gamma H2 daughters,100,nan,0,0.0,0
1455.7142774806728,1423.8035180468705,0.0,MadGraph/LHE H2H2,100,1,0.0,0,h2h2_mass_vs_4gamma,nan,0.0,Pythia direct gamma-gamma H2 daughters,100,nan,0,0.0,0
1487.6250369144748,1455.7142774806728,0.0,MadGraph/LHE H2H2,100,1,0.0,0,h2h2_mass_vs_4gamma,nan,0.0,Pythia direct gamma-gamma H2 daughters,100,nan,0,0.0,0
1519.5357963482768,1487.6250369144748,0.0,MadGraph/LHE H2H2,100,1,0.0,0,h2h2_mass_vs_4gamma,nan,0.0,Pythia direct gamma-gamma H2 daughters,100,nan,0,0.0,0
1551.4465557820788,1519.5357963482768,0.0,MadGraph/LHE H2H2,100,1,0.0,0,h2h2_mass_vs_4gamma,nan,0.0,Pythia direct gamma-gamma H2 daughters,100,nan,0,0.0,0
1583.357315215881,1551.4465557820788,0.0,MadGraph/LHE H2H2,100,1,0.0,0,h2h2_mass_vs_4gamma,nan,0.0,Pythia direct gamma-gamma H2 daughters,100,nan,0,0.0,0
1615.268074649683,1583.357315215881,0.0,MadGraph/LHE H2H2,100,1,0.0,0,h2h2_mass_vs_4gamma,nan,0.0,Pythia direct gamma-gamma H2 daughters,100,nan,0,0.0,0
1647.178834083485,1615.268074649683,0.0,MadGraph/LHE H2H2,100,1,0.0,0,h2h2_mass_vs_4gamma,nan,0.0,Pythia direct gamma-gamma H2 daughters,100,nan,0,0.0,0
1679.089593517287,1647.178834083485,0.0,MadGraph/LHE H2H2,100,1,0.0,0,h2h2_mass_vs_4gamma,nan,0.01,Pythia direct gamma-gamma H2 daughters,100,nan,0,0.01,0
13.827849037101624,0.0,1.0,MadGraph/LHE H2H2,100,0,0.1,0,h2h2_pt_vs_4gamma,0.027367864366808017,0.07,Pythia direct gamma-gamma H2 daughters,100,0.07,1,0.026457513110645908,0
27.655698074203247,13.827849037101624,0.0,MadGraph/LHE H2H2,100,0,0.0,0,h2h2_pt_vs_4gamma,nan,0.14,Pythia direct gamma-gamma H2 daughters,100,nan,1,0.03741657386773942,0
41.48354711130487,27.655698074203247,0.0,MadGraph/LHE H2H2,100,0,0.0,0,h2h2_pt_vs_4gamma,nan,0.16,Pythia direct gamma-gamma H2 daughters,100,nan,1,0.04,0
55.311396148406494,41.48354711130487,0.0,MadGraph/LHE H2H2,100,0,0.0,0,h2h2_pt_vs_4gamma,nan,0.08,Pythia direct gamma-gamma H2 daughters,100,nan,1,0.0282842712474619,0
69.13924518550812,55.311396148406494,0.0,MadGraph/LHE H2H2,100,0,0.0,0,h2h2_pt_vs_4gamma,nan,0.05,Pythia direct gamma-gamma H2 daughters,100,nan,1,0.022360679774997897,0
82.96709422260975,69.13924518550812,0.0,MadGraph/LHE H2H2,100,0,0.0,0,h2h2_pt_vs_4gamma,nan,0.06,Pythia direct gamma-gamma H2 daughters,100,nan,1,0.02449489742783178,0
96.79494325971136,82.96709422260975,0.0,MadGraph/LHE H2H2,100,0,0.0,0,h2h2_pt_vs_4gamma,nan,0.03,Pythia direct gamma-gamma H2 daughters,100,nan,1,0.017320508075688773,0
110.62279229681299,96.79494325971136,0.0,MadGraph/LHE H2H2,100,0,0.0,0,h2h2_pt_vs_4gamma,nan,0.03,Pythia direct gamma-gamma H2 daughters,100,nan,1,0.017320508075688773,0
124.45064133391462,110.62279229681299,0.0,MadGraph/LHE H2H2,100,0,0.0,0,h2h2_pt_vs_4gamma,nan,0.04,Pythia direct gamma-gamma H2 daughters,100,nan,1,0.02,0
138.27849037101623,124.45064133391462,0.0,MadGraph/LHE H2H2,100,0,0.0,0,h2h2_pt_vs_4gamma,nan,0.03,Pythia direct gamma-gamma H2 daughters,100,nan,1,0.017320508075688773,0
152.10633940811786,138.27849037101623,0.0,MadGraph/LHE H2H2,100,0,0.0,0,h2h2_pt_vs_4gamma,nan,0.01,Pythia direct gamma-gamma H2 daughters,100,nan,1,0.01,0
165.9341884452195,152.10633940811786,0.0,MadGraph/LHE H2H2,100,0,0.0,0,h2h2_pt_vs_4gamma,nan,0.04,Pythia direct gamma-gamma H2 daughters,100,nan,1,0.02,0
179.76203748232112,165.9341884452195,0.0,MadGraph/LHE H2H2,100,0,0.0,0,h2h2_pt_vs_4gamma,nan,0.03,Pythia direct gamma-gamma H2 daughters,100,nan,1,0.017320508075688773,0
193.58988651942272,179.76203748232112,0.0,MadGraph/LHE H2H2,100,0,0.0,0,h2h2_pt_vs_4gamma,nan,0.01,Pythia direct gamma-gamma H2 daughters,100,nan,1,0.01,0
207.41773555652435,193.58988651942272,0.0,MadGraph/LHE H2H2,100,0,0.0,0,h2h2_pt_vs_4gamma,nan,0.02,Pythia direct gamma-gamma H2 daughters,100,nan,1,0.01414213562373095,0
221.24558459362598,207.41773555652435,0.0,MadGraph/LHE H2H2,100,0,0.0,0,h2h2_pt_vs_4gamma,nan,0.0,Pythia direct gamma-gamma H2 daughters,100,nan,1,0.0,0
235.0734336307276,221.24558459362598,0.0,MadGraph/LHE H2H2,100,0,0.0,0,h2h2_pt_vs_4gamma,nan,0.01,Pythia direct gamma-gamma H2 daughters,100,nan,1,0.01,0
248.90128266782924,235.0734336307276,0.0,MadGraph/LHE H2H2,100,0,0.0,0,h2h2_pt_vs_4gamma,nan,0.01,Pythia direct gamma-gamma H2 daughters,100,nan,1,0.01,0
262.72913170493086,248.90128266782924,0.0,MadGraph/LHE H2H2,100,0,0.0,0,h2h2_pt_vs_4gamma,nan,0.01,Pythia direct gamma-gamma H2 daughters,100,nan,1,0.01,0
276.55698074203247,262.72913170493086,0.0,MadGraph/LHE H2H2,100,0,0.0,0,h2h2_pt_vs_4gamma,nan,0.05,Pythia direct gamma-gamma H2 daughters,100,nan,1,0.022360679774997897,0
290.3848297791341,276.55698074203247,0.0,MadGraph/LHE H2H2,100,0,0.0,0,h2h2_pt_vs_4gamma,nan,0.01,Pythia direct gamma-gamma H2 daughters,100,nan,1,0.01,0
304.2126788162357,290.3848297791341,0.0,MadGraph/LHE H2H2,100,0,0.0,0,h2h2_pt_vs_4gamma,nan,0.0,Pythia direct gamma-gamma H2 daughters,100,nan,1,0.0,0
318.0405278533373,304.2126788162357,0.0,MadGraph/LHE H2H2,100,0,0.0,0,h2h2_pt_vs_4gamma,nan,0.0,Pythia direct gamma-gamma H2 daughters,100,nan,1,0.0,0
331.868376890439,318.0405278533373,0.0,MadGraph/LHE H2H2,100,0,0.0,0,h2h2_pt_vs_4gamma,nan,0.0,Pythia direct gamma-gamma H2 daughters,100,nan,1,0.0,0
345.6962259275406,331.868376890439,0.0,MadGraph/LHE H2H2,100,0,0.0,0,h2h2_pt_vs_4gamma,nan,0.0,Pythia direct gamma-gamma H2 daughters,100,nan,1,0.0,0
359.52407496464224,345.6962259275406,0.0,MadGraph/LHE H2H2,100,0,0.0,0,h2h2_pt_vs_4gamma,nan,0.01,Pythia direct gamma-gamma H2 daughters,100,nan,1,0.01,0
373.35192400174384,359.52407496464224,0.0,MadGraph/LHE H2H2,100,0,0.0,0,h2h2_pt_vs_4gamma,nan,0.03,Pythia direct gamma-gamma H2 daughters,100,nan,1,0.017320508075688773,0
387.17977303884544,373.35192400174384,0.0,MadGraph/LHE H2H2,100,0,0.0,0,h2h2_pt_vs_4gamma,nan,0.0,Pythia direct gamma-gamma H2 daughters,100,nan,1,0.0,0
401.0076220759471,387.17977303884544,0.0,MadGraph/LHE H2H2,100,0,0.0,0,h2h2_pt_vs_4gamma,nan,0.01,Pythia direct gamma-gamma H2 daughters,100,nan,1,0.01,0
414.8354711130487,401.0076220759471,0.0,MadGraph/LHE H2H2,100,0,0.0,0,h2h2_pt_vs_4gamma,nan,0.01,Pythia direct gamma-gamma H2 daughters,100,nan,1,0.01,0
428.66332015015035,414.8354711130487,0.0,MadGraph/LHE H2H2,100,0,0.0,0,h2h2_pt_vs_4gamma,nan,0.0,Pythia direct gamma-gamma H2 daughters,100,nan,1,0.0,0
442.49116918725196,428.66332015015035,0.0,MadGraph/LHE H2H2,100,0,0.0,0,h2h2_pt_vs_4gamma,nan,0.0,Pythia direct gamma-gamma H2 daughters,100,nan,1,0.0,0
456.31901822435356,442.49116918725196,0.0,MadGraph/LHE H2H2,100,0,0.0,0,h2h2_pt_vs_4gamma,nan,0.02,Pythia direct gamma-gamma H2 daughters,100,nan,1,0.01414213562373095,0
470.1468672614552,456.31901822435356,0.0,MadGraph/LHE H2H2,100,0,0.0,0,h2h2_pt_vs_4gamma,nan,0.01,Pythia direct gamma-gamma H2 daughters,100,nan,1,0.01,0
483.9747162985568,470.1468672614552,0.0,MadGraph/LHE H2H2,100,0,0.0,0,h2h2_pt_vs_4gamma,nan,0.0,Pythia direct gamma-gamma H2 daughters,100,nan,1,0.0,0
497.80256533565847,483.9747162985568,0.0,MadGraph/LHE H2H2,100,0,0.0,0,h2h2_pt_vs_4gamma,nan,0.0,Pythia direct gamma-gamma H2 daughters,100,nan,1,0.0,0
511.6304143727601,497.80256533565847,0.0,MadGraph/LHE H2H2,100,0,0.0,0,h2h2_pt_vs_4gamma,nan,0.0,Pythia direct gamma-gamma H2 daughters,100,nan,1,0.0,0
525.4582634098617,511.6304143727601,0.0,MadGraph/LHE H2H2,100,0,0.0,0,h2h2_pt_vs_4gamma,nan,0.0,Pythia direct gamma-gamma H2 daughters,100,nan,1,0.0,0
539.2861124469633,525.4582634098617,0.0,MadGraph/LHE H2H2,100,0,0.0,0,h2h2_pt_vs_4gamma,nan,0.01,Pythia direct gamma-gamma H2 daughters,100,nan,1,0.01,0
553.1139614840649,539.2861124469633,0.0,MadGraph/LHE H2H2,100,0,0.0,0,h2h2_pt_vs_4gamma,nan,0.0,Pythia direct gamma-gamma H2 daughters,100,nan,1,0.0,0
